famid,dadid,momid,kid1id,kid2id,dadldl,momldl,kid1ldl,kid2ldl
1,1,2,3,4,114.500527565121,165.864208695217,120.403251609875,179.539426464801
2,5,6,7,8,71.5644993235668,167.478100095815,173.61411448823,109.24949090456
3,9,10,11,12,112.799310399562,103.285724837975,79.1262194528889,87.578203970982
4,13,14,15,16,207.749298129238,125.664718413006,126.425512721579,130.401503123434
5,17,18,19,20,98.8341548292099,126.474296802542,110.38264044585,70.4756937160082
6,21,22,23,24,102.422730203846,79.4275419928426,96.4502364206418,91.4288378798458
7,25,26,27,28,114.941678628894,96.0537160866773,151.123727083319,134.090188326696
8,29,30,31,32,143.846643268118,96.9958484864043,155.941730485352,135.084310978449
9,33,34,35,36,102.243885775,97.0672150640452,155.483331021471,131.290546296872
10,37,38,39,40,208.522419236462,37.1470656687991,129.110887755731,147.739218592371
11,41,42,43,44,146.586697550527,115.01134296351,210.65892576492,145.952057389949
12,45,46,47,48,80.1128624747164,73.3993136969055,55.0875678869216,107.549562455228
13,49,50,51,52,149.15468660147,106.087068353221,89.9147252807189,127.777466376333
14,53,54,55,56,105.978726597597,63.3000738214636,158.745657027245,139.902748250605
15,57,58,59,60,183.278281712735,115.776291826013,95.9991320974609,113.940437778468
16,61,62,63,64,126.976821928435,69.3662380983373,117.094807575198,156.20700337548
17,65,66,67,68,136.517309567975,161.141261255229,89.1143869529631,127.262767727036
18,69,70,71,72,67.6354009342303,157.104477448381,86.933188560659,122.73104838968
19,73,74,75,76,122.720166998543,95.7864128867616,140.596130420366,140.721278744291
20,77,78,79,80,111.357961349339,173.46400015094,108.393580771796,143.024900235827
21,81,82,83,84,172.721694342602,91.335203673063,149.039121012698,157.256062801131
22,85,86,87,88,132.626165361725,128.830453251377,121.356010114733,50.808198883153
23,89,90,91,92,142.716343976265,139.559272483177,139.547453241836,124.424767543714
24,93,94,95,96,141.384178449073,96.6769694398637,113.787841896626,87.6082561519275
25,97,98,99,100,147.430817781622,139.17853917373,84.8469295234741,79.653479359828
26,101,102,103,104,99.2702679261249,122.115960584032,175.5777103722,159.808660653984
27,105,106,107,108,125.515143651327,115.636061843019,106.685142074685,125.668451423266
28,109,110,111,112,156.091280612919,137.408432646791,149.978934617205,135.873122207395
29,113,114,115,116,105.879906623456,164.521712727088,134.305811308668,134.742979938388
30,117,118,119,120,132.389119448399,145.555105008682,121.055840403505,120.520598763172
31,121,122,123,124,93.3650773742826,110.81848777395,112.044447917256,47.9669386935867
32,125,126,127,128,145.271359785055,134.247207153849,121.106012363036,121.93589282104
33,129,130,131,132,61.7405055213924,108.570875556773,88.9775881332787,115.426606118196
34,133,134,135,136,65.2324577315786,134.101018989736,90.4315052402401,85.852218289618
35,137,138,139,140,130.414669826552,131.533814918487,127.512465581943,168.888998383647
36,141,142,143,144,44.6441708345889,116.060878714185,100.445660629319,83.8335375458532
37,145,146,147,148,92.8953822571265,100.135980504504,83.2594890195864,176.510693802544
38,149,150,151,152,116.290052821863,171.148332045903,126.790086472437,129.286338447158
39,153,154,155,156,129.972964069142,111.715680312409,111.226277135071,106.546223453436
40,157,158,159,160,96.1082386752463,156.002977032003,103.794837565216,133.942389982175
41,161,162,163,164,103.898629400559,114.874584740516,98.8423032130265,121.473242585176
42,165,166,167,168,132.954947877335,155.05720514512,98.6087700053462,92.6036811515306
43,169,170,171,172,131.426873825661,92.6918729695925,96.4707820326043,114.742524534108
44,173,174,175,176,103.276385070707,122.57375109374,102.523453434454,147.124624189332
45,177,178,179,180,109.409857707494,157.532815554999,88.5461612677818,124.280346467164
46,181,182,183,184,91.359925563737,89.7343175899347,141.352614008448,81.3311862927748
47,185,186,187,188,88.6549912819153,139.156319997732,129.403082252738,97.6836607227279
48,189,190,191,192,122.996179644338,130.178307085172,106.468633213185,79.7161624108711
49,193,194,195,196,143.222189398074,129.446601447151,127.685847933348,146.136159144324
50,197,198,199,200,121.74511695005,120.97228661189,66.1296803976618,131.07988603407
51,201,202,203,204,112.127649590392,137.876881258212,140.617530121235,98.6667573724222
52,205,206,207,208,97.6049984107767,106.235548527244,133.253948572219,123.344808662713
53,209,210,211,212,113.244232016912,147.045149532059,135.785727488549,151.023300995669
54,213,214,215,216,115.773711458695,114.036514808281,150.955846354454,128.907599008243
55,217,218,219,220,101.409592306358,130.411562390819,137.048281109023,122.01725025362
56,221,222,223,224,147.424340016857,88.068913228797,154.625932015149,164.336426565378
57,225,226,227,228,105.736174998944,135.874861521251,167.366540973257,78.8994114852874
58,229,230,231,232,149.481745368589,172.787235912847,142.544717344563,104.656205747128
59,233,234,235,236,130.645709291244,128.213580714564,141.251939889687,127.693748314226
60,237,238,239,240,133.457363376039,90.8217629555728,103.186170019012,91.249846160763
61,241,242,243,244,134.223379017856,150.819325234502,87.1358931731785,135.72470849711
62,245,246,247,248,144.838466827246,51.391695773099,152.450984647734,116.820908601799
63,249,250,251,252,107.188072704472,142.837350213456,72.7399220976282,96.8625080691901
64,253,254,255,256,129.605974884685,142.880458465946,98.7580388619988,89.0570243281497
65,257,258,259,260,104.398224130305,100.621109600423,147.623450315798,97.0929720038378
66,261,262,263,264,110.25562745709,154.219889423359,114.902986007995,116.31855396518
67,265,266,267,268,105.072753236773,150.47747975174,116.250355895415,100.377292379563
68,269,270,271,272,79.8531605454396,101.066351307576,110.878694963419,108.599373468212
69,273,274,275,276,84.1951889048884,118.252872948386,111.810026148132,79.0832788890773
70,277,278,279,280,121.330154123522,132.752187582818,140.737270423159,101.519093498891
71,281,282,283,284,141.068977015748,161.615031888745,130.751124483736,140.124101399618
72,285,286,287,288,77.4476372407599,111.790883648803,82.9587627347409,112.170964178707
73,289,290,291,292,106.427190955698,117.462837797203,99.031262705724,132.400315168624
74,293,294,295,296,149.576516756021,104.887583674592,150.665257803453,176.707875265847
75,297,298,299,300,101.979207951659,159.903873626471,98.9092818706159,134.205131497446
76,301,302,303,304,55.4860440782341,145.273758460768,99.7956662384785,95.0156512220371
77,305,306,307,308,133.167475157558,145.941777827164,145.257229945981,116.434407662335
78,309,310,311,312,76.1174335747029,192.44906843771,95.1195139472671,111.708272477022
79,313,314,315,316,143.403024012662,50.9921942782321,132.910472986081,104.91557757732
80,317,318,319,320,143.818399385039,121.813737609526,77.8747792260279,94.3961075513615
81,321,322,323,324,106.656343733994,109.424470093506,78.82742202378,133.712829290686
82,325,326,327,328,118.472417275699,74.4939852996619,102.488546893012,119.460638228957
83,329,330,331,332,159.167495832839,137.858444455347,110.867232655453,126.890818916455
84,333,334,335,336,85.1839912383498,66.7915493977345,121.956663149785,116.44999219445
85,337,338,339,340,136.178172667614,120.865078957746,136.113034336008,78.5013793529802
86,341,342,343,344,131.99214314219,132.619913412958,145.267254554443,131.444720104458
87,345,346,347,348,64.2991371279747,116.779244541354,117.822559842927,115.545996434219
88,349,350,351,352,109.27456820003,101.661787224396,118.338166383967,120.027129674887
89,353,354,355,356,87.7628690866128,154.906405775021,101.202600137847,164.867381076568
90,357,358,359,360,65.9227271369313,115.790263220364,101.282319572645,98.8133998657086
91,361,362,363,364,131.706024197105,98.643682349857,137.432008527593,105.274116863197
92,365,366,367,368,104.273833994715,84.8600359054133,81.4516722077114,104.586151900026
93,369,370,371,372,102.894870576218,101.043773475456,67.8434275133265,137.876107197522
94,373,374,375,376,64.1392159052599,117.743235811482,97.2080485346958,97.8911956929552
95,377,378,379,380,125.431561650331,95.4109595380137,158.041607063529,156.800602251363
96,381,382,383,384,102.899191670348,118.811504755826,106.454276196551,82.3118194025914
97,385,386,387,388,122.528451442596,110.859082587004,119.33442753621,100.318072288981
98,389,390,391,392,131.424003642427,73.6909318540689,110.585317536208,55.1412617365828
99,393,394,395,396,173.439125155253,110.114325884205,129.13112163454,129.230641940754
100,397,398,399,400,139.969707459326,120.012332280068,114.060740705249,131.514886732428
101,401,402,403,404,98.9067134675782,163.129244374901,98.9301299959086,167.459928195542
102,405,406,407,408,124.016431142143,101.125800030314,153.97126981091,145.980349867353
103,409,410,411,412,89.6238456929825,99.2098940823723,88.9176913558382,53.7407180880841
104,413,414,415,416,98.4715232875274,106.644053073357,81.2932456168884,133.044343129573
105,417,418,419,420,152.416018411321,107.071778299578,97.8747400898455,99.5165551756697
106,421,422,423,424,124.845513453904,108.677484152629,162.441926664563,139.548075409885
107,425,426,427,428,108.398013462193,195.302607746964,125.068486351349,113.516703654785
108,429,430,431,432,122.427817363457,148.206658777839,139.949477983482,105.553793143733
109,433,434,435,436,138.871125704248,119.013936128632,157.150714256914,104.614913153067
110,437,438,439,440,114.727536490138,120.429471774586,94.2426692112977,115.928130454841
111,441,442,443,444,104.857491665485,66.3875596371233,128.205299598022,111.870803826747
112,445,446,447,448,128.317016254066,79.2843419783323,66.5234818654232,129.553541372775
113,449,450,451,452,113.526487858687,148.369189494393,109.456383852529,210.105443790496
114,453,454,455,456,66.3458677235772,156.053175480518,160.311524069702,124.018051530958
115,457,458,459,460,63.3800390426532,142.677266792821,105.376800717999,87.0687355610541
116,461,462,463,464,127.536028191274,110.767504777702,153.144462033849,143.07282475934
117,465,466,467,468,161.740960717732,85.0086647093432,147.933555031719,140.093394878389
118,469,470,471,472,121.800992269124,120.699883838868,65.4306080758613,140.05763623152
119,473,474,475,476,113.213417804867,161.667855085404,126.136470585454,158.987277737963
120,477,478,479,480,110.326485384386,176.911662248947,142.494442900328,110.190256737931
121,481,482,483,484,103.383524715153,127.413289400196,112.881421164722,100.277717881257
122,485,486,487,488,164.322732882812,142.395551812802,141.119083416495,99.1369377083059
123,489,490,491,492,126.728310419734,123.52066165801,135.23348722053,112.683194037526
124,493,494,495,496,129.756270206603,148.239243670475,116.611777349736,184.898066186949
125,497,498,499,500,87.4351715324414,135.54051280038,126.620750784714,133.585092625581
126,501,502,503,504,131.095728054441,123.39449753411,77.9214317898509,93.9466121097311
127,505,506,507,508,114.073481340326,88.9701181261169,129.68459496304,118.666209762049
128,509,510,511,512,97.3120059526179,114.461614939745,134.023943033597,111.465229746088
129,513,514,515,516,90.2473406166851,144.780476665895,89.3371490883601,149.212226801937
130,517,518,519,520,98.6489226967279,162.002203132956,165.844330360841,85.0453824127821
131,521,522,523,524,206.761967969612,77.5379119185244,111.696745619516,142.087115370675
132,525,526,527,528,109.956427942036,138.070251975394,112.839119141337,138.238230683861
133,529,530,531,532,148.885938310567,114.284473723986,122.478179423438,125.314105986418
134,533,534,535,536,119.544326696841,146.783389026317,138.730267436231,134.456868390084
135,537,538,539,540,99.1114365440892,120.191033252933,141.288500982875,94.7793894525631
136,541,542,543,544,116.058374934706,149.713659391886,128.609731287704,104.68367644753
137,545,546,547,548,150.079869810971,174.022627902285,142.897091902358,120.572189327173
138,549,550,551,552,124.035088209328,88.8937229238743,103.00410583395,121.43081602692
139,553,554,555,556,118.397110528873,54.9761503804197,88.6094449765798,85.5207746781962
140,557,558,559,560,67.8528886437709,103.876510243506,62.1883946593915,116.167849413464
141,561,562,563,564,93.7390644269576,223.167377792854,138.049740562728,155.470408531787
142,565,566,567,568,138.888842260617,94.7717499774204,127.331763614307,108.845340465504
143,569,570,571,572,58.7982528013784,95.1003503659188,109.603048553765,89.9092422959491
144,573,574,575,576,158.407896179142,206.968453566736,148.867060371029,161.800804102495
145,577,578,579,580,83.4810061293706,117.456535520142,103.54679518496,115.022044647705
146,581,582,583,584,145.781615988472,106.470881887605,94.7049892914561,172.99925144516
147,585,586,587,588,112.905441007492,89.2477458146656,74.8096941605927,96.7026018573599
148,589,590,591,592,105.469147042817,107.45945539709,104.038466925598,123.894986609002
149,593,594,595,596,152.723988551975,127.428238821937,157.093583604047,145.874220047392
150,597,598,599,600,123.38110458275,149.928347802103,128.388077019798,127.0656482203
151,601,602,603,604,95.8161495925894,76.0216326353034,77.5125487799201,46.3501424629625
152,605,606,607,608,139.950671424349,136.584604558755,137.497443214541,105.723931859576
153,609,610,611,612,116.067435518418,95.3456630193963,135.013019445982,83.5042703220296
154,613,614,615,616,125.450954317428,120.228104994334,151.853393221506,130.282291247674
155,617,618,619,620,121.373853788189,143.347927982146,152.789498366446,160.400228705606
156,621,622,623,624,138.471632216519,134.336567354027,151.825332751105,113.776562341406
157,625,626,627,628,114.694809310793,152.34491073039,124.112413505553,126.220018405733
158,629,630,631,632,109.764092978815,133.341088850441,136.776122434313,146.69938874509
159,633,634,635,636,106.029078290396,139.770505323003,148.041552010387,135.471352840296
160,637,638,639,640,106.657546016249,193.300810562895,133.986365549876,81.7053673044058
161,641,642,643,644,149.815212031317,124.677534277635,142.829503193927,116.064797436675
162,645,646,647,648,101.972369527122,164.708590032559,66.940446821574,128.727704760938
163,649,650,651,652,112.959544084499,161.790185615368,131.09680425664,156.038282408206
164,653,654,655,656,92.0290473961924,179.637291910945,96.5378525116895,129.362323774972
165,657,658,659,660,68.4631250629609,68.7724997579731,102.812494640739,85.6631403485814
166,661,662,663,664,109.575026668852,142.592783331944,91.0881048004573,103.01299631567
167,665,666,667,668,59.6368638197422,108.0572380098,116.29184676822,105.650670941997
168,669,670,671,672,161.622580150421,122.541829762987,95.8604093963732,103.996774903717
169,673,674,675,676,156.931048978932,102.084424129727,82.1944116968478,141.830271373146
170,677,678,679,680,164.504619200042,135.589906061947,123.505714990814,165.226478089925
171,681,682,683,684,140.359804723698,177.802718400772,160.714993083263,131.336176427304
172,685,686,687,688,120.333115426495,93.7918333346935,72.5712526400525,95.0366456648092
173,689,690,691,692,184.724469082077,109.973609313485,159.717182157322,172.731657418727
174,693,694,695,696,112.302917937211,92.3615637480889,152.47655652321,153.359278263134
175,697,698,699,700,137.540227866148,175.207771849242,126.185871844514,144.523640668963
176,701,702,703,704,122.565880775268,150.873197657679,114.38065769857,172.992328021852
177,705,706,707,708,92.6390889544805,124.39482296494,103.472265487298,127.824155325381
178,709,710,711,712,87.0289727306067,114.611317957095,75.3803734895738,123.714244028689
179,713,714,715,716,126.871470820177,97.9242721984344,110.952298088584,139.748877928336
180,717,718,719,720,151.581225410977,129.366296892545,89.4165953154664,70.4618149962023
181,721,722,723,724,112.530957807031,110.214815933746,47.1740822817638,140.486445507283
182,725,726,727,728,129.733518437933,172.078069681004,140.944680789543,175.898107337644
183,729,730,731,732,98.2587193906182,102.108204805221,101.079217966314,82.4973674444026
184,733,734,735,736,101.69501748692,123.309635600039,42.4606670593269,137.14933454858
185,737,738,739,740,145.602765492997,103.139614136703,110.647539699199,93.7904389969915
186,741,742,743,744,73.9625008715669,82.8847890448131,138.173658180915,90.8011405389084
187,745,746,747,748,138.22505030393,128.387856571285,88.8224781340757,141.187001278612
188,749,750,751,752,100.359386936888,132.724001742836,158.862463269317,127.358369999079
189,753,754,755,756,120.13845608327,85.9433670043335,121.312222618816,81.20984755941
190,757,758,759,760,121.544519447178,108.745883488325,88.0225640166118,79.4403273766716
191,761,762,763,764,130.974128408832,131.146826814499,137.364803941566,147.815145029906
192,765,766,767,768,102.861466102519,136.925728458197,106.411509571872,63.7725148769077
193,769,770,771,772,154.846626424989,134.035107501481,133.776990642036,148.315945911812
194,773,774,775,776,149.273853120744,104.363333295728,119.517684443692,96.6089432704131
195,777,778,779,780,102.238282801555,136.574434144407,73.7117558535084,128.200510845667
196,781,782,783,784,141.412858417696,98.7708736330422,112.85484889534,78.4549507198179
197,785,786,787,788,132.675950768773,51.2034986344714,109.258906781772,79.3048335802949
198,789,790,791,792,103.364916946981,119.256301094698,129.748610025563,66.028082308883
199,793,794,795,796,104.139971408224,152.030282617569,130.945471736456,118.237490928018
200,797,798,799,800,74.8939340579275,170.705098198768,76.1612930400277,91.8494812705315
201,801,802,803,804,116.470292482951,150.054923844387,125.463668750244,124.140995152693
202,805,806,807,808,139.085217406071,161.816972970189,114.886396252948,137.969324603927
203,809,810,811,812,153.589137160019,115.703099091693,144.288434401411,101.268925191459
204,813,814,815,816,150.389468492219,130.742372250487,122.70352815488,154.483293190596
205,817,818,819,820,140.020609959529,137.421566559253,121.929299154927,160.835838543477
206,821,822,823,824,119.811336055501,135.950835164129,86.108174079282,102.31762628342
207,825,826,827,828,82.9394713772973,115.862576224237,114.437409701131,97.0435392200142
208,829,830,831,832,149.669132497674,87.8018326276132,99.0003675774542,134.082189770639
209,833,834,835,836,121.442401645651,138.529203059601,107.582035573831,79.1958212761758
210,837,838,839,840,105.271144274022,157.481913933829,107.848477346507,108.672805478347
211,841,842,843,844,107.085142092524,150.015750541998,139.489318088068,133.710967632489
212,845,846,847,848,119.649492805329,124.678792853796,154.246204567417,112.660229260259
213,849,850,851,852,136.596312614229,145.557741688722,142.072208071005,118.640801872727
214,853,854,855,856,107.378366371306,90.1210686203757,154.209455713699,118.239275542903
215,857,858,859,860,106.695179928273,96.8412305429757,144.029975174458,119.769811342445
216,861,862,863,864,161.540440403381,152.989787039408,131.971303189691,135.08739482946
217,865,866,867,868,93.9199351610364,71.4791961542907,80.4206272218381,114.638537861583
218,869,870,871,872,72.6399094297132,121.735738747149,88.1166952794409,91.9457420976768
219,873,874,875,876,131.85217790844,60.333281017668,93.5520827765896,106.04396032275
220,877,878,879,880,117.357271199728,137.220649640208,87.202624788962,142.575524067074
221,881,882,883,884,47.2955048580279,55.9071370874084,95.6872690103057,108.585817683227
222,885,886,887,888,159.262060742549,94.0517572098635,150.64860841891,79.8400290285848
223,889,890,891,892,101.454668289099,110.623115029299,123.879610687765,103.283643417412
224,893,894,895,896,165.083747569779,99.8209722798289,124.415888330216,100.892797574929
225,897,898,899,900,113.059636556968,107.622019764071,66.6980250893056,90.8992910851305
226,901,902,903,904,115.181355882933,126.442079129263,76.2628087050977,86.9540434070101
227,905,906,907,908,161.202629899734,171.935116145542,128.906257624036,149.849157924141
228,909,910,911,912,85.9940796536516,161.264063950508,167.058279676893,146.40280887138
229,913,914,915,916,184.086221086312,93.2130117737663,116.982856267082,138.276207796647
230,917,918,919,920,146.737277729256,102.037151253331,130.268162756709,127.982159219784
231,921,922,923,924,151.770688630941,69.7496598165984,107.009206209841,96.4529624334892
232,925,926,927,928,77.541926721216,145.430520822382,119.483504866274,120.912987872993
233,929,930,931,932,131.10684530324,78.3013319428288,109.690840634407,141.436751173999
234,933,934,935,936,92.9461283630165,156.044658834604,80.2148064700843,141.016290391704
235,937,938,939,940,105.918127210171,153.763281397824,99.464765127182,128.277417912482
236,941,942,943,944,153.983813867987,129.520397529839,107.001002120046,130.329230461875
237,945,946,947,948,55.7925426858006,160.387729682227,80.112520980628,107.831263942676
238,949,950,951,952,128.422708422988,164.017581190988,109.399798909991,124.178975151667
239,953,954,955,956,158.917857718135,129.050095052482,150.331829006316,150.205028080933
240,957,958,959,960,97.1548171795422,108.345518224227,98.0066105140368,134.391722866133
241,961,962,963,964,138.830808110332,105.067633685113,132.642436566335,131.542967596089
242,965,966,967,968,131.402959165529,115.456628082769,87.3836320210125,130.827286345743
243,969,970,971,972,118.819785195708,110.449753887732,73.1545038937439,87.1736392424618
244,973,974,975,976,123.285847445912,135.228733578738,148.541283429148,142.750476674323
245,977,978,979,980,92.7994831059607,116.476563878698,166.887560390621,81.7096920618834
246,981,982,983,984,134.485806178824,114.854670072302,128.472747061599,144.05290020678
247,985,986,987,988,68.7408594784262,121.560084695636,103.195914872896,131.321460363371
248,989,990,991,992,166.827695582898,103.203895303857,138.428317945024,116.349794672508
249,993,994,995,996,104.396759599986,81.4855052082604,146.969823827977,109.77374604783
250,1,2,999,1000,134.257563252554,118.729084804605,164.982132783005,112.414569630721
251,5,6,3,4,120.211339299023,82.0215505368899,102.683895197411,156.616895095576
252,9,10,7,8,110.722190879004,96.707889947596,84.7617132781922,82.6821272275574
253,13,14,11,12,127.203710670006,115.160843418769,87.0236825742046,128.5143911475
254,17,18,15,16,142.526295469836,92.2586777530685,76.9682842620003,87.7996075063637
255,21,22,19,20,201.208520580773,122.715840228995,123.008275459825,145.436672653631
256,25,26,23,24,136.154463751759,100.034491000095,92.2493714393906,155.200951183395
257,29,30,27,28,140.948709797804,141.932053153068,182.413178155794,102.835928048278
258,33,34,31,32,72.1290697808244,81.4333898893164,96.8271445597148,119.577700030994
259,37,38,35,36,130.20381138244,155.382892236216,149.628969047583,115.255106852099
260,41,42,39,40,63.2941954974722,150.405367763415,74.4100420943957,117.726934903791
261,45,46,43,44,112.037725721714,147.199440705023,132.359467521541,139.871965596416
262,49,50,47,48,138.464604290178,82.7010097308165,75.7207894430978,93.5880991663981
263,53,54,51,52,97.9691019837959,49.0310683954419,120.592769193797,110.126516107033
264,57,58,55,56,91.3281690003062,68.7907700393702,111.141039770793,56.8549537274192
265,61,62,59,60,171.849160316898,131.033350011664,144.388339125728,160.178741744414
266,65,66,63,64,129.556077165319,150.701582472804,134.729718871071,101.920273712698
267,69,70,67,68,162.660692372262,130.371986914885,169.863782439169,169.640561544147
268,73,74,71,72,141.714046801459,114.116152507304,122.502156774259,138.860347501396
269,77,78,75,76,139.816158895779,123.880695006197,109.84851408142,109.900112375502
270,81,82,79,80,98.6895612266512,98.7172543875794,111.242165967415,105.29381123275
271,85,86,83,84,143.154859748232,86.7801421337851,119.443205778124,126.875594305744
272,89,90,87,88,179.131084775594,81.0139684982154,121.800218745623,151.891333606645
273,93,94,91,92,119.353918799279,130.050463825162,159.132953303833,120.991970438614
274,97,98,95,96,170.353624896074,90.4946471991385,143.119014079631,88.1474411461566
275,101,102,99,100,138.755800825598,163.171144312271,116.806010777268,52.305182426277
276,105,106,103,104,98.1799760296376,121.681194345012,101.27917437562,171.417407283031
277,109,110,107,108,150.683815068256,124.986173814476,109.6815505047,86.3693772122682
278,113,114,111,112,81.6952055881107,204.556426087301,124.264806688423,220.171048023535
279,117,118,115,116,152.128112955003,74.4449619168894,155.162748855211,116.371951456541
280,121,122,119,120,134.308625040469,113.129608686838,166.169027337381,107.64418745492
281,125,126,123,124,141.11131711998,68.6408399645548,144.932227716406,88.0322992218566
282,129,130,127,128,99.9013049969552,104.055762046997,86.6414869898393,103.183068948069
283,133,134,131,132,109.932120805418,108.963513362154,133.78392275534,120.857284802566
284,137,138,135,136,52.6482910720175,52.2443473074625,63.1277644239865,71.0017544321791
285,141,142,139,140,92.9849313639537,81.2540323738798,150.724029643479,119.087236530767
286,145,146,143,144,69.7305037140157,47.65282450503,123.032857840455,118.8743795709
287,149,150,147,148,82.5035945008136,133.331446733343,122.639661631391,110.125119157286
288,153,154,151,152,155.347292488034,160.108342537189,123.680035497092,156.728020878741
289,157,158,155,156,111.367104033223,140.286824252719,113.512282703676,134.767116602076
290,161,162,159,160,173.380221376398,136.963462732001,89.8391185514152,99.0825912281128
291,165,166,163,164,113.044568750157,102.489266771386,147.20254340733,110.093686233718
292,169,170,167,168,75.182871435504,161.305630370819,107.697036393329,90.7585197776069
293,173,174,171,172,44.5225917440239,207.831411673438,133.181557736684,79.6620688208462
294,177,178,175,176,164.587293231561,155.659624154997,108.397161437432,161.40394216985
295,181,182,179,180,128.65747116377,121.586645550228,152.550633473223,131.306781807014
296,185,186,183,184,101.500376127912,128.352864810219,111.003981635361,117.857156644014
297,189,190,187,188,130.105216955479,162.054017993644,136.138782741106,73.5646056545879
298,193,194,191,192,97.6387601224743,90.3778023183592,114.144604617565,132.786058018362
299,197,198,195,196,139.672908164384,159.690550210323,104.978073386845,120.945763569631
300,201,202,199,200,123.841764554085,134.556425423731,78.7907858795974,111.96773437848
301,205,206,203,204,116.586961553778,164.35017663503,127.782459362344,123.664076877172
302,209,210,207,208,58.975337241904,123.723616912002,145.087351902124,138.920114189382
303,213,214,211,212,117.976919793472,112.802207962716,119.260186566116,130.485447641398
304,217,218,215,216,142.189087491972,127.202237988233,113.356133602364,107.395142368052
305,221,222,219,220,109.118077996183,154.412027919466,102.3012249406,115.013435910116
306,225,226,223,224,76.0073003356716,95.3977538571275,125.15917998676,154.371519130368
307,229,230,227,228,154.892140651356,144.544904468842,165.262707045128,129.080462618506
308,233,234,231,232,140.99592936659,89.0891050350041,138.940807357263,142.872530139017
309,237,238,235,236,94.7182720206866,105.372436882607,66.5139033094182,94.886790533818
310,241,242,239,240,99.1428848437222,107.072325024127,83.6927231682793,104.76515587021
311,245,246,243,244,147.512374592729,106.404467507938,130.102865498163,157.45755746143
312,249,250,247,248,119.554750247177,88.7178805033451,108.114797668721,95.1225289904932
313,253,254,251,252,141.662270722669,138.191168346658,169.1639297784,122.962152091432
314,257,258,255,256,75.5949379886983,117.73251005243,91.249236836552,100.578321479917
315,261,262,259,260,85.3019784650382,150.285940194796,121.379599170588,105.240037576061
316,265,266,263,264,90.7433402629253,104.453909257801,117.921990849081,79.2200172213257
317,269,270,267,268,65.320419226949,116.988875153958,126.677863853117,123.809150292364
318,273,274,271,272,155.472714841402,140.458660245391,163.927198998016,172.673814162753
319,277,278,275,276,156.016017416249,96.7372706117099,122.79167519085,146.182002984914
320,281,282,279,280,148.118623657215,165.331414614148,144.768242954609,148.51908282102
321,285,286,283,284,73.0741953218837,138.577852759076,130.87841975353,117.468598540626
322,289,290,287,288,135.065312935968,98.9549880180524,167.5471015363,95.5030709323067
323,293,294,291,292,150.699090188333,129.404849206396,151.858493089249,177.279082094768
324,297,298,295,296,137.370447805361,155.747868804225,127.123696313739,177.026140350334
325,301,302,299,300,124.818630550259,155.772131376918,141.134486542361,138.342579927531
326,305,306,303,304,108.740337134894,136.497519602362,122.078591021026,125.664995230408
327,309,310,307,308,77.8149113132176,156.67339529904,83.9145923080543,103.275183959936
328,313,314,311,312,118.321038420698,128.599583499692,137.368964426965,102.484169354584
329,317,318,315,316,133.569744313623,87.006307000176,63.1391582926777,124.693778155586
330,321,322,319,320,100.827727903398,137.530979348491,83.1131482551004,103.344262669589
331,325,326,323,324,146.767745362481,144.052763748892,127.201425212057,93.7954545956562
332,329,330,327,328,133.479937496424,98.5087864652832,145.743249157771,118.143942617534
333,333,334,331,332,122.849048368122,112.036688426928,108.992287610713,88.7414043621939
334,337,338,335,336,154.763821520344,116.981927356067,139.967554650159,115.86136943449
335,341,342,339,340,137.172278722433,97.8717229033504,108.231678696774,150.744163045421
336,345,346,343,344,120.541554617964,122.580082704097,119.367880355105,99.226084154563
337,349,350,347,348,124.790985413713,132.996958999174,161.270468916571,136.364823781
338,353,354,351,352,48.708879547426,116.2657237702,133.368104126325,132.880163989254
339,357,358,355,356,108.473863111761,132.415142210226,107.312210367209,135.052958198112
340,361,362,359,360,83.507043691919,81.0005988101055,99.1747405991134,104.776385965135
341,365,366,363,364,127.992592343798,138.065103779485,170.224399758418,160.655785333644
342,369,370,367,368,173.574873281136,130.735967037748,162.25426152462,143.335492248207
343,373,374,371,372,109.503843545446,103.776520128429,192.491651372354,107.532347385537
344,377,378,375,376,111.695083894894,134.751583761793,87.5591998726602,156.385023831692
345,381,382,379,380,96.9658674985732,142.530858004132,160.999347193855,140.447350393434
346,385,386,383,384,162.175886549503,82.6953207204942,131.765179125053,105.525169983678
347,389,390,387,388,57.3812812738122,117.860265159691,139.961906729706,90.8863459848427
348,393,394,391,392,133.310817969484,137.834325577869,113.468074945925,137.634551689518
349,397,398,395,396,80.6659003170703,160.309765418931,146.288237527857,66.3528770762217
350,401,402,399,400,119.731725890818,50.7685708677353,70.5009682982418,88.2634455688572
351,405,406,403,404,117.04738672008,128.787620025164,134.78741539047,156.24666654343
352,409,410,407,408,125.772591863991,96.0396786592543,93.1815601398134,92.1188389867722
353,413,414,411,412,113.658353768195,121.175063203314,132.310166999388,115.095567559028
354,417,418,415,416,125.725806764043,81.6315308470732,44.5231721772007,129.82930250818
355,421,422,419,420,104.809029845926,117.913656162938,92.5787526458589,138.703187303041
356,425,426,423,424,93.4991270582491,52.1898910296132,115.186461014096,94.7604023805508
357,429,430,427,428,162.41770663739,85.5765684171091,97.8838796971113,97.2087567521403
358,433,434,431,432,174.733220646251,88.2577804234647,138.193530475148,117.373387033623
359,437,438,435,436,121.933903221562,140.152583630988,107.641224392395,122.363032940151
360,441,442,439,440,93.5667485178845,139.446539843237,110.839617202295,160.221407930208
361,445,446,443,444,117.971946313078,98.4478092782869,94.2730870192477,129.570179343537
362,449,450,447,448,126.097232198781,150.380794359854,119.416582230796,216.933008096459
363,453,454,451,452,127.014976480642,95.5762136008183,143.294600962946,93.745212044409
364,457,458,455,456,129.621415670111,72.8711451436399,98.0280703659561,99.524395205382
365,461,462,459,460,98.9524471479368,113.622251025427,64.4540353502128,73.6456095949484
366,465,466,463,464,149.097357402567,121.519154693334,153.588083619559,104.09751781873
367,469,470,467,468,54.5628577731161,118.128935543834,99.3606656189481,120.591996018231
368,473,474,471,472,109.562657307182,139.725073584105,127.655288408655,131.25426225934
369,477,478,475,476,92.8849290755295,99.0293753884499,112.739867677157,135.072225723714
370,481,482,479,480,170.051006252708,119.591182667061,155.671552067986,139.249248661728
371,485,486,483,484,117.895911464973,126.736939374996,155.91961967936,110.756499766277
372,489,490,487,488,107.736179626492,55.6637868189544,142.07042548693,142.157066886394
373,493,494,491,492,95.9712318893672,137.993421982957,127.180461142846,96.5510465244751
374,497,498,495,496,79.6650201216127,153.679999213149,98.4386882537055,116.141098956694
375,501,502,499,500,173.090769832439,156.495700066481,181.320766418451,69.298067617336
376,505,506,503,504,94.3396907515751,104.927926406166,97.3175635220787,82.553351151802
377,509,510,507,508,111.129645299056,88.1526312446165,110.651119756699,114.084562601699
378,513,514,511,512,83.7888954993003,140.305689677091,128.948522257387,132.062900068158
379,517,518,515,516,128.498216704176,83.0488745631368,60.8939814975951,120.210303510186
380,521,522,519,520,92.6199778799912,167.274705647993,164.229996992618,158.323098423718
381,525,526,523,524,200.59915212199,47.84710284446,109.729340969865,123.624841442804
382,529,530,527,528,135.744214706173,109.408871690498,110.03144936072,101.528581428928
383,533,534,531,532,137.383956564928,112.206277988918,62.3729111343925,120.598423797954
384,537,538,535,536,98.93137391607,101.094962870153,150.595364543526,152.442570064668
385,541,542,539,540,68.3594194004622,109.307283527496,109.365420111269,85.5464369969715
386,545,546,543,544,162.766963899128,112.977722327259,122.729596586156,103.45492481499
387,549,550,547,548,135.146364191689,72.0996734245092,90.8828373900107,101.040313436746
388,553,554,551,552,114.886696910413,130.359886017405,63.2081289923127,84.5301822096262
389,557,558,555,556,127.02084985591,114.613219565573,123.452811362794,125.352066591731
390,561,562,559,560,86.3460420077072,81.3773834767914,126.560733074899,153.728099003845
391,565,566,563,564,97.3250401126288,165.74440396814,64.6929562990056,85.5097027701454
392,569,570,567,568,69.7905305786575,129.732826134817,116.582785937142,128.719723781444
393,573,574,571,572,152.449938735559,115.195871328689,110.997325796685,65.0828871470083
394,577,578,575,576,178.499652358847,99.7217910394294,120.835861134224,123.789213642712
395,581,582,579,580,100.251522514197,70.4378051496584,138.090179275123,111.681614855799
396,585,586,583,584,115.714760891695,141.148010863745,124.639749010053,82.6198733326465
397,589,590,587,588,46.729927652757,137.266562338432,152.967161072526,95.9081791820618
398,593,594,591,592,85.9891849371217,89.6785737529949,103.800085551623,105.04721724383
399,597,598,595,596,130.142238558348,128.487183765129,134.829217009971,143.971250809687
400,601,602,599,600,124.9833879508,111.255008842655,133.692679381165,147.71382227325
401,605,606,603,604,103.29035270905,128.244152223916,69.179255971014,67.6823798258282
402,609,610,607,608,119.160006679424,65.8981299267433,134.52079380213,102.879701020886
403,613,614,611,612,136.55129673987,172.473163678805,125.962140731907,94.2336150708447
404,617,618,615,616,123.837204466615,108.56349022004,172.824897991031,122.43080057625
405,621,622,619,620,106.781364576361,153.287336329214,120.250235241321,112.0768441044
406,625,626,623,624,127.300424609233,127.579248249296,144.270032460312,82.3849060388508
407,629,630,627,628,163.149091934709,92.8159484429641,122.40453543839,128.917562740941
408,633,634,631,632,78.0054747878728,163.75301397453,128.149154337984,110.132919144067
409,637,638,635,636,102.442682473412,67.3577315573773,116.742466309733,92.7547721749204
410,641,642,639,640,84.2443934785359,165.685946484582,150.752163117059,131.140923510746
411,645,646,643,644,112.572195489118,132.984448608172,110.765244121343,96.8386002720474
412,649,650,647,648,145.240869164533,49.6384444916798,167.199754802805,119.236990421892
413,653,654,651,652,51.5850258144717,67.379043897193,94.9902273606286,102.597419106729
414,657,658,655,656,148.696944295227,124.339762572808,144.904948952557,129.883048023669
415,661,662,659,660,119.518453848469,128.63789961242,135.086463232873,175.694854351091
416,665,666,663,664,113.045669353937,109.153951677068,115.691421471859,153.812745394985
417,669,670,667,668,165.944357255236,120.616123293992,99.36490831942,114.554934949983
418,673,674,671,672,111.364187913545,105.576941644969,76.4817666282022,72.0642924817603
419,677,678,675,676,118.106798434624,158.697299762321,92.1293882960978,121.003144993939
420,681,682,679,680,225.187019005167,95.8482181487519,90.6597123036916,90.3601174399229
421,685,686,683,684,144.390527847136,148.991124648083,131.795217796557,151.934747356383
422,689,690,687,688,139.90176671146,101.097984705192,100.884342880091,147.955851534478
423,693,694,691,692,111.447204724291,86.4875488022959,119.907225958358,139.108502599261
424,697,698,695,696,159.386401224316,72.0592053333235,168.95366090844,143.899660889306
425,701,702,699,700,162.039623377282,99.6354749184637,109.154344161229,112.822029319089
426,705,706,703,704,143.912740456981,111.090031853773,102.855570206131,105.250850156074
427,709,710,707,708,111.964527088078,108.269401990038,116.117982302907,100.024423422787
428,713,714,711,712,142.692521892426,161.472111556614,171.233933895284,176.546499872035
429,717,718,715,716,117.174369557257,123.787249936956,123.323416552234,110.783615745474
430,721,722,719,720,105.414710346824,61.7192531553157,126.578268933808,138.86710922397
431,725,726,723,724,133.121131418185,139.956478043086,104.358336475291,90.9485525598172
432,729,730,727,728,118.229220460083,141.547654989799,140.724955409678,129.909104977013
433,733,734,731,732,140.480983459847,121.616048206716,117.4658029849,160.384877605376
434,737,738,735,736,104.857676208804,106.872820029788,141.638634359074,140.509679492573
435,741,742,739,740,107.497850887473,90.3051787007294,121.979521871625,130.011594211657
436,745,746,743,744,121.677258665453,90.4038818441329,88.2676191356665,137.679559169054
437,749,750,747,748,157.935305163884,120.144121251905,148.795423133306,121.201540639868
438,753,754,751,752,106.036546478218,113.200438324546,123.980157761398,138.560837138635
439,757,758,755,756,112.853784452301,57.2266759473012,122.244357126854,93.8083140952071
440,761,762,759,760,136.685496097182,103.610252790966,131.706392585665,86.9720270204141
441,765,766,763,764,93.7526865156907,103.097479712264,58.0592725690392,89.4388783120925
442,769,770,767,768,84.9370849411332,85.4909490617684,94.6051336007404,103.217841425861
443,773,774,771,772,101.35394602196,109.518545219025,96.7643646381625,92.1559077986202
444,777,778,775,776,151.613221627268,68.1406101748233,125.277068880055,143.637318091735
445,781,782,779,780,124.41826763278,140.714606794792,107.182095656085,147.781427031134
446,785,786,783,784,127.538611509691,143.335485736926,161.44002444035,147.300594164587
447,789,790,787,788,152.025168095965,160.75633963375,117.068040825577,143.641875044038
448,793,794,791,792,147.752535500027,113.6221450427,168.428974061212,133.619136169955
449,797,798,795,796,111.983429312401,81.9661490723635,58.1338584097952,132.384357485764
450,801,802,799,800,127.721685764656,108.703611970043,130.655725711141,149.235468127609
451,805,806,803,804,131.084156783791,45.2960889685637,85.8746363597257,83.337856979733
452,809,810,807,808,166.286216422608,126.469160026807,147.98353645023,159.506223782478
453,813,814,811,812,153.10036709599,199.91575847577,141.239221424236,131.650198373246
454,817,818,815,816,111.044567583483,153.502033247834,116.897404495825,152.367967983698
455,821,822,819,820,133.872186799165,114.05157188796,71.6012619046494,110.654305752039
456,825,826,823,824,105.367877625606,112.899402855069,132.822356383387,100.168272631443
457,829,830,827,828,88.2508438919257,133.708582782177,68.6840048175396,126.186489709877
458,833,834,831,832,116.580501668961,150.76455936429,121.258138204456,108.086213758178
459,837,838,835,836,68.6171600171904,106.287963559856,114.361605604276,47.2399942192411
460,841,842,839,840,116.941850650684,115.936672810347,135.646899769287,146.522460135554
461,845,846,843,844,151.113707826415,164.639485584693,107.610429733104,115.043969137013
462,849,850,847,848,143.766699927393,36.8874854861393,115.782710159844,103.415791333169
463,853,854,851,852,147.676541922959,77.3494065881799,150.74059160138,145.591788043887
464,857,858,855,856,176.824040327833,70.5391499168083,85.5354117772587,91.0589477892301
465,861,862,859,860,84.8265333820726,160.91327136043,81.2743709390326,53.8320927559719
466,865,866,863,864,114.657357576764,80.8356676662138,123.497619661634,107.314963671728
467,869,870,867,868,97.7802693769336,121.341902432722,92.7030769432591,172.81832714879
468,873,874,871,872,148.276566339385,79.5597064163624,147.165575908909,174.886738676778
469,877,878,875,876,99.1690992393488,43.7128808652706,93.8966721431755,82.3620925586019
470,881,882,879,880,109.806457450573,140.3966767035,142.392023161802,133.451470920046
471,885,886,883,884,106.29464254116,87.0473669752526,94.7011618141389,134.665787818684
472,889,890,887,888,154.434664259897,126.318995474861,123.530332905448,86.502245352388
473,893,894,891,892,115.50903423857,91.3753444161915,70.5691395277498,159.872440673784
474,897,898,895,896,149.548518797504,121.875829501854,99.3035990740599,131.850668785926
475,901,902,899,900,114.611710825746,114.1162076761,205.549051963461,89.9169824554613
476,905,906,903,904,83.3686923162592,99.3668474811772,83.7664744572509,89.8385737884569
477,909,910,907,908,116.934338712903,142.2310806437,116.212392675863,169.695101942071
478,913,914,911,912,160.428033344279,115.230373834939,164.128642682248,149.785531959652
479,917,918,915,916,153.332847456558,107.252345439612,123.378680656097,115.582789095344
480,921,922,919,920,177.16187870623,65.9133069918709,104.399278349853,104.088872207972
481,925,926,923,924,88.9163127856152,145.736735621311,127.359153329208,166.110730494838
482,929,930,927,928,123.176481206272,107.053103875144,129.636470325114,69.0928897617194
483,933,934,931,932,58.6147400555389,117.796871170005,132.767283589135,69.9075591599691
484,937,938,935,936,133.484910371443,115.600721820162,193.129703794434,116.604370416005
485,941,942,939,940,110.290200366271,121.250075863179,145.14877421437,135.447161857082
486,945,946,943,944,164.862106459184,90.2373436582905,108.34690245103,84.6302306183614
487,949,950,947,948,143.197872209891,72.3747883248246,132.825090187703,92.1747121205644
488,953,954,951,952,78.9346852085162,129.781927847597,124.310729048635,143.354301976749
489,957,958,955,956,173.524155614605,144.617099644128,179.958542472315,89.3212703133687
490,961,962,959,960,130.360512862344,97.9214613775883,130.655945224954,110.621770109488
491,965,966,963,964,117.622554402532,96.6352800515739,84.1870183782505,136.189750894003
492,969,970,967,968,143.584516113609,134.309806197183,124.455233159781,135.164042363714
493,973,974,971,972,111.442508595875,133.057312015042,113.082552809053,130.949335594915
494,977,978,975,976,137.434132104826,98.0153698329452,109.834079864704,88.7456510385435
495,981,982,979,980,145.683218173646,146.084309108331,163.301270438731,146.504697575473
496,985,986,983,984,141.945950212406,103.262509935069,112.022129172548,174.041332397085
497,989,990,987,988,115.538033650369,160.82167243664,111.024763341407,123.0692259658
498,993,994,991,992,71.119143702453,161.169423958198,85.3417434143963,130.812654163909
499,1,2,995,996,110.904282029509,107.162580453414,86.8622149535124,88.5012051421331
500,5,6,999,1000,119.717228554592,142.834490093792,129.705323511928,110.124682811248
501,9,10,3,4,152.54232841323,92.6575204887614,126.164668641604,102.389295080274
502,13,14,7,8,67.8955923708026,128.102351694778,140.339615608188,122.289922533864
503,17,18,11,12,49.8945756966615,167.491800074133,128.676523783721,135.676353146123
504,21,22,15,16,172.353225434133,84.6076377201092,129.281732791225,131.028392682042
505,25,26,19,20,103.42950167979,59.6800497096927,82.3193732362179,127.382001795664
506,29,30,23,24,113.929847323227,135.289128109327,143.787714116084,120.931490232111
507,33,34,27,28,136.279570808874,183.889884327722,148.615939994787,139.152904694648
508,37,38,31,32,68.9017717319383,130.017728235713,151.755710007948,117.535585916692
509,41,42,35,36,49.1865536462214,147.152204920758,110.649422056735,113.832720103599
510,45,46,39,40,102.856918730508,143.292832832525,80.5704522114737,104.817703877154
511,49,50,43,44,166.738276866804,116.246429230569,131.310280579102,152.519704154556
512,53,54,47,48,64.2696053722054,74.9034731365234,103.288525115724,78.1902244371346
513,57,58,51,52,150.518896310209,100.007674307176,62.6128977354416,72.7274159921824
514,61,62,55,56,148.852376083256,118.164066614988,140.230602746829,101.9044745704
515,65,66,59,60,152.787288859451,129.29224495129,152.855272796097,174.934119942491
516,69,70,63,64,170.357780397949,96.0644930866927,98.2593636346991,170.219110598518
517,73,74,67,68,101.933310333042,117.844398811604,72.8736585365039,101.942375197316
518,77,78,71,72,127.354969563347,168.114178234442,153.091771272419,118.471554678413
519,81,82,75,76,178.565449393273,135.057608442459,153.79629454806,139.552900937702
520,85,86,79,80,109.609703991183,114.751588497834,120.358249253588,135.340943202931
521,89,90,83,84,144.736079842761,95.2936078533382,166.266439961035,133.338601209917
522,93,94,87,88,101.800787317177,153.405827352783,107.422836041185,105.070084192342
523,97,98,91,92,157.597573318425,140.124877457921,95.5996506818871,122.475126919688
524,101,102,95,96,122.917283949103,118.933994519379,140.847441958102,67.7009848825209
525,105,106,99,100,110.305017491156,129.577584636047,123.655688032574,134.904981941266
526,109,110,103,104,153.074138301183,88.7993951837238,136.37130536704,109.990262419987
527,113,114,107,108,184.262387802744,121.662949991288,97.7771577226472,155.021637282809
528,117,118,111,112,162.36758905786,95.6421557978394,52.7488498602166,148.582629822771
529,121,122,115,116,126.511450915564,127.400000172243,169.308201708621,127.851480317934
530,125,126,119,120,126.018228149891,125.517607172259,103.781310316143,113.182939834808
531,129,130,123,124,63.4153407097256,120.182305343526,116.840416546881,77.5232736389548
532,133,134,127,128,110.811028056444,142.851302869171,112.458908022413,143.72100118205
533,137,138,131,132,168.336366649129,106.745710828936,144.281929217945,141.223660535705
534,141,142,135,136,124.645251789202,112.689365885027,140.887312266879,153.734812091241
535,145,146,139,140,123.885047112448,147.720745625824,128.369080091402,114.152087974857
536,149,150,143,144,105.127806432433,154.211353342333,133.293991595892,127.959252874426
537,153,154,147,148,82.1175392071431,97.5567314732997,40.7659727750508,71.1866741007906
538,157,158,151,152,177.806498536023,94.5566575827592,146.92114986562,115.020595642958
539,161,162,155,156,119.545882743302,135.915658416335,132.331127804766,162.754870446928
540,165,166,159,160,148.066220162551,124.49019676185,136.530296681394,126.473609841404
541,169,170,163,164,96.1003968928058,87.0592346987365,106.078034975285,103.656870524891
542,173,174,167,168,146.589970628915,83.8703227252624,100.482612954778,126.04000400435
543,177,178,171,172,122.17693627308,119.664765224528,148.943415594365,83.063729424274
544,181,182,175,176,77.7903811504913,128.80909528474,143.302172810233,151.750695565109
545,185,186,179,180,110.860313386228,176.658808822862,163.281619536027,138.253204098252
546,189,190,183,184,165.569974081193,99.2185527806471,134.671713106878,122.927893124441
547,193,194,187,188,121.83622118853,155.502369479008,101.901879053196,120.329986861305
548,197,198,191,192,108.613256635285,70.8490606504271,120.188717537833,136.377719511038
549,201,202,195,196,145.659571268265,124.202177570872,119.444054004953,152.74579781721
550,205,206,199,200,130.951729417094,81.0802885845884,90.5862865882091,92.794457812557
551,209,210,203,204,141.338076611418,126.847931552057,114.327858920517,116.987226765047
552,213,214,207,208,123.475896114216,79.974079970015,73.0745942700074,149.981620248892
553,217,218,211,212,159.059787968969,129.039962511947,145.130802486502,165.031314216047
554,221,222,215,216,73.4399404536005,118.943136855563,131.678872584456,98.4735748693432
555,225,226,219,220,140.215347968085,125.650225665535,140.418411299012,108.499672140247
556,229,230,223,224,58.175969502512,156.097515957829,118.845592975473,184.083255000207
557,233,234,227,228,121.101689916814,53.9132087388087,101.223304887788,93.7685267612784
558,237,238,231,232,79.5564804655355,208.507100660684,131.372171751018,152.539176860838
559,241,242,235,236,101.377749779094,146.125642845028,70.5085750347387,127.926343879163
560,245,246,239,240,85.3485426593447,153.769864183245,48.9263300242359,58.1801566202493
561,249,250,243,244,172.407426237668,132.710008430604,154.483439079613,132.449934274881
562,253,254,247,248,114.208742111898,138.873578080649,60.2436048339969,83.8310764225166
563,257,258,251,252,119.109225009219,94.9075198322174,52.7015112464393,107.426945948859
564,261,262,255,256,116.886884705275,168.787166367389,122.112350458322,88.9489305778798
565,265,266,259,260,139.323592134407,94.1050211505323,123.134765409721,140.915159274528
566,269,270,263,264,163.454699374289,121.609882592283,172.653429436796,127.414665844293
567,273,274,267,268,123.472032009371,81.2378138364546,92.2839220035534,133.50098754459
568,277,278,271,272,155.722326260195,168.311413390084,144.275888036209,128.901287851144
569,281,282,275,276,134.999815573637,156.925592101631,158.802569803016,135.566242101191
570,285,286,279,280,101.689092401785,118.695129526246,100.986833405708,127.300214435645
571,289,290,283,284,134.142933014806,129.847121387564,120.244468074399,101.964804818384
572,293,294,287,288,107.994913590783,124.776566377756,84.8168061215879,94.1044918315977
573,297,298,291,292,126.974752136617,101.469131446452,124.179005984516,96.8427941382822
574,301,302,295,296,84.2160630308488,148.170245316667,169.591457721475,119.031031423372
575,305,306,299,300,125.215583919073,150.312064127349,91.1368190673653,97.6725782881791
576,309,310,303,304,108.551693167533,97.4010564415446,145.67673187121,111.083608584575
577,313,314,307,308,112.9301299533,113.008099539089,131.409677223309,131.5828632605
578,317,318,311,312,122.49912110962,123.610852688193,120.601254443669,139.480597270102
579,321,322,315,316,153.345040631955,91.8918378204406,112.779795698835,180.387562016523
580,325,326,319,320,107.492290484471,94.1982482337935,127.500684739155,113.456077346295
581,329,330,323,324,105.750323417552,84.8096107267667,48.2015030170851,89.6302759394764
582,333,334,327,328,138.359722013003,69.5942089308069,116.701433345136,133.521551887668
583,337,338,331,332,95.3528242394703,141.04114867016,148.45200893166,83.0138675137262
584,341,342,335,336,90.4423112181785,117.516377683714,177.847856899739,120.157990080331
585,345,346,339,340,92.9637954376291,122.17960971457,164.611894315158,143.273276896974
586,349,350,343,344,157.151408520321,157.075062834286,130.20471572094,140.09252969559
587,353,354,347,348,82.6436185927972,96.6526654926654,117.719747112527,85.0465479700169
588,357,358,351,352,129.572686689557,117.792140644104,128.548431279498,76.9798419022964
589,361,362,355,356,179.524673144064,104.680864768923,128.338489106421,123.333513068246
590,365,366,359,360,130.100588112101,63.4639923334881,96.6602169425913,137.808284596287
591,369,370,363,364,151.528571744919,99.9683133204748,65.000240781596,141.631403009672
592,373,374,367,368,159.413514370194,160.041679501258,150.477976718109,168.391217256184
593,377,378,371,372,125.931232435527,69.4478082632749,137.693127752089,216.018012980468
594,381,382,375,376,85.8671804302614,103.519872872062,124.859922311849,86.5311053085069
595,385,386,379,380,98.0870430597243,133.868301891694,90.436580150631,114.923071338183
596,389,390,383,384,150.71533510976,135.084745366847,105.676676164616,142.399528697218
597,393,394,387,388,140.26082391626,160.284354676064,102.918326036332,176.418166992357
598,397,398,391,392,146.346381781097,110.351114037116,112.0615245705,126.5264758262
599,401,402,395,396,122.68579904923,159.919919045459,77.0650039049735,83.5858936806689
600,405,406,399,400,128.787177840796,76.9187023295208,45.178978352812,82.829809483594
601,409,410,403,404,144.835877589451,102.609293741979,113.7587931478,109.255743691689
602,413,414,407,408,119.649294049068,165.552668449211,59.3825987150052,103.291554398109
603,417,418,411,412,94.3952157146327,117.117405637701,135.676844039242,155.556990037783
604,421,422,415,416,80.2872435863035,82.6623911863455,78.0909757464345,124.012183463859
605,425,426,419,420,133.205274921652,102.667948663652,144.002380024711,137.331273663156
606,429,430,423,424,105.712679525852,81.7037120601393,65.6115617620959,106.010887452581
607,433,434,427,428,123.925899188594,157.250869291464,148.92733341257,116.058299690758
608,437,438,431,432,162.32377278349,151.137216993393,125.058804020849,136.947182627632
609,441,442,435,436,125.243763336706,102.122225569796,91.5636050595736,169.026537040975
610,445,446,439,440,130.167912127417,108.375210885978,76.9511704856034,119.87455460705
611,449,450,443,444,102.398981685453,137.519601117329,65.2419476794031,127.185163154613
612,453,454,447,448,94.8991868520909,92.1015282092027,91.0163951497942,67.3964076227419
613,457,458,451,452,81.4601998734159,135.808845160291,146.547471868994,110.795028387734
614,461,462,455,456,172.27284758337,103.000158234807,132.508567088719,93.1873841070441
615,465,466,459,460,134.080423475059,166.60114860956,116.401775858225,151.227271017452
616,469,470,463,464,109.807365767611,89.5693854595131,92.1914566384093,64.7565188267944
617,473,474,467,468,148.999690359035,95.6916275034458,134.368863090427,170.236402200372
618,477,478,471,472,117.168085278128,99.0076369517389,120.734047386072,123.554008638332
619,481,482,475,476,153.07221823415,99.1165211619142,123.631637963145,142.163615134237
620,485,486,479,480,99.2422070424815,145.10941677603,170.721200158168,176.435389374407
621,489,490,483,484,115.867285106697,104.478061541939,71.5988050804435,92.7135348885021
622,493,494,487,488,104.63070905457,127.671510495126,110.975695139442,132.911277255906
623,497,498,491,492,71.4678219401475,141.148234514177,93.6543221178053,100.814997033854
624,501,502,495,496,79.7812174960129,138.544896938973,105.537790354303,137.007081029355
625,505,506,499,500,107.156974437624,110.197025218916,90.7830676096554,97.1943745083134
626,509,510,503,504,109.335311013757,175.477535823542,122.895226984268,161.355544490415
627,513,514,507,508,128.144827305363,96.6829061318941,59.1505349474559,132.791576056983
628,517,518,511,512,149.033169339671,153.893399884969,175.766079632328,125.593040535967
629,521,522,515,516,123.85610811506,131.661645347667,175.428484985837,120.26069015913
630,525,526,519,520,161.086859845854,151.588170460662,127.317529763314,131.115475404482
631,529,530,523,524,107.322082215997,118.286116287675,127.826895092933,101.635409645933
632,533,534,527,528,129.183419730872,121.24606929354,125.695964751151,115.556507843781
633,537,538,531,532,137.474175577666,154.483241735197,172.530876926408,153.478168502911
634,541,542,535,536,136.397747228877,152.607227003703,140.351558858423,134.19181653235
635,545,546,539,540,93.7380550322691,71.8414594799929,104.690438708287,156.943748218818
636,549,550,543,544,156.05094086837,142.602704181227,96.4013637217794,93.9514463984456
637,553,554,547,548,87.0278789428913,109.112198495339,109.979632133188,105.17027800556
638,557,558,551,552,114.947564229482,126.861249085694,125.100042967283,117.437043924515
639,561,562,555,556,128.642946496297,68.8473416195724,32.2733963345501,117.800727860195
640,565,566,559,560,131.128377774698,159.338508975262,106.65723309704,139.766787495893
641,569,570,563,564,109.496383537453,152.046441555803,128.23845369985,141.705472354715
642,573,574,567,568,133.153098202431,139.896706610344,129.974657147502,112.863077408885
643,577,578,571,572,88.4538573924746,166.901640812479,99.7778532707996,212.115099390416
644,581,582,575,576,121.200270681443,48.7741422761905,90.7936479990979,70.9564197787397
645,585,586,579,580,137.92012987761,137.288143394051,108.073423133083,130.322368012605
646,589,590,583,584,152.738133927869,79.2161478912102,140.483056401959,91.3934716179762
647,593,594,587,588,148.446145911394,128.927327741405,97.5283564620914,107.24132698355
648,597,598,591,592,95.7375768486691,111.50544205113,119.733620984057,85.4034218351907
649,601,602,595,596,133.082350321241,173.620788329837,134.624502415228,173.159632239314
650,605,606,599,600,120.032768838358,128.363857450765,74.0007623204798,106.943288996048
651,609,610,603,604,70.8374144466188,139.653226800701,137.781290667921,86.3270546554068
652,613,614,607,608,123.177944415336,151.470604097582,124.850911946349,123.162467840691
653,617,618,611,612,132.379802618326,164.466423767747,170.099889717356,185.388070732395
654,621,622,615,616,112.045517127628,52.4164247265139,140.307097017333,88.4708536207738
655,625,626,619,620,93.6736453668861,175.400212824198,80.9129964838184,103.493684479167
656,629,630,623,624,147.123405805971,165.00693568371,145.602799308074,139.535601801521
657,633,634,627,628,180.466958111713,120.881778972382,114.630225970203,173.282645066775
658,637,638,631,632,131.340992669124,58.3525586832317,91.6868751734887,102.14469267477
659,641,642,635,636,130.3171656441,99.1190016767519,161.443489434734,74.8497003851137
660,645,646,639,640,170.806922488347,110.716094848612,91.7541148803339,126.420956651463
661,649,650,643,644,165.388128540134,128.074779354496,128.496216148897,109.983925760885
662,653,654,647,648,150.862818132245,120.940273902306,120.835787294304,122.216096988731
663,657,658,651,652,124.744699372053,120.451797646134,156.34229437238,129.286270434661
664,661,662,655,656,84.9851227729616,116.718584373068,85.032466248576,154.269007565909
665,665,666,659,660,82.541987206579,96.7515419353959,193.861836883296,131.197163591444
666,669,670,663,664,140.518077969253,126.870569344733,120.575043404587,122.647530217735
667,673,674,667,668,92.7382300178595,172.466669855824,117.285098057763,132.369462848346
668,677,678,671,672,106.046050670151,91.0698024902781,42.3458746278789,49.6041535804783
669,681,682,675,676,96.1489100147557,119.873175412855,77.4806771463898,170.357435924801
670,685,686,679,680,116.05522195521,84.341464436819,100.311890927034,141.848741769314
671,689,690,683,684,92.8105179659597,93.4758059433061,80.6349741639546,139.102553841653
672,693,694,687,688,73.006812959518,159.133016063251,118.093194561155,120.387724913139
673,697,698,691,692,88.5341890085202,114.481502905415,125.826048385721,83.4792180056903
674,701,702,695,696,83.9119173196653,103.15717289553,129.699845803887,155.398948105855
675,705,706,699,700,125.07670464113,126.920764960265,119.819317747417,101.089991870662
676,709,710,703,704,106.71161388334,170.41786166202,142.760477986813,135.836919016352
677,713,714,707,708,103.568373422291,153.980049415672,99.4536007429879,159.626036943479
678,717,718,711,712,152.550905717048,118.075403968404,153.35118469963,161.29879830651
679,721,722,715,716,73.5307939706019,170.900438513526,151.027538717567,104.002135214019
680,725,726,719,720,118.372358567349,95.8317564650069,128.476920789665,123.762388603639
681,729,730,723,724,174.985762545907,115.575823778415,136.122533723353,143.421386456582
682,733,734,727,728,84.8827648562458,103.262028840386,62.0601539432548,52.4703881173728
683,737,738,731,732,76.2765479504308,101.971210941539,117.719911055442,98.9160444286379
684,741,742,735,736,140.353747951169,136.703005693521,154.700500050605,129.51428969298
685,745,746,739,740,64.3434537462754,127.382835142976,55.315115293991,80.11453394483
686,749,750,743,744,104.066572037551,121.613399910789,127.25894507093,114.52088642739
687,753,754,747,748,176.887284457596,136.226823083496,103.548519586832,150.989365487128
688,757,758,751,752,92.8655625426382,115.754564440682,136.92593237699,109.781476660935
689,761,762,755,756,118.071756654445,136.165263406065,135.860002056017,136.705262394278
690,765,766,759,760,91.98145582335,104.335101161294,117.732940324888,142.087444871257
691,769,770,763,764,147.690535004619,128.858308422929,152.700681209904,89.3501299049997
692,773,774,767,768,64.8322918255193,155.253014361795,121.637604865583,119.778614585456
693,777,778,771,772,122.003480296964,136.815669916444,63.4392592681938,149.690738279116
694,781,782,775,776,147.028882962459,63.1426599530583,157.262895949356,148.481968560815
695,785,786,779,780,108.324565471819,133.395131660265,168.517981160509,132.048303640759
696,789,790,783,784,109.541357443404,78.8526789712501,96.2159757322764,89.4810884196344
697,793,794,787,788,102.498212754855,148.668715639495,103.334761451752,80.4877000083115
698,797,798,791,792,135.223256963932,131.780589544284,99.0088677718668,79.8014093395453
699,801,802,795,796,141.624087528357,118.292095130142,129.972412624394,64.797410627169
700,805,806,799,800,77.2143042558775,127.79170398999,80.4832188727436,80.3372791924851
701,809,810,803,804,118.389087643878,114.399493403167,114.544466644293,108.97576606588
702,813,814,807,808,152.485977456279,103.370856548862,164.915892787331,132.020834742254
703,817,818,811,812,157.105689547787,112.791257612958,137.448998854077,92.8181072762724
704,821,822,815,816,146.718641627724,132.657835819628,101.08801185524,121.898464480056
705,825,826,819,820,146.780402503675,112.00354368586,73.3012903412222,98.0118514135873
706,829,830,823,824,103.644102324556,112.825363902246,108.436506862847,91.3783036725005
707,833,834,827,828,131.383069540806,80.5161940996584,103.129437694979,122.898830322295
708,837,838,831,832,83.0357241940293,164.769442761664,139.435621259691,131.113576183873
709,841,842,835,836,139.114513841629,75.3501256059996,53.9609554468363,85.5268109978869
710,845,846,839,840,69.4046160810745,136.17768771086,100.724287026304,72.5854417656572
711,849,850,843,844,118.82666386158,134.078719561243,119.21645729915,135.166961559228
712,853,854,847,848,107.267491091562,136.32976193883,133.061375544973,65.2136408154175
713,857,858,851,852,106.220118043369,122.318923155395,145.570765337789,69.8915005321251
714,861,862,855,856,123.303595111033,117.824297430657,77.7944616376834,125.777302112799
715,865,866,859,860,147.484119198427,113.270870711855,143.664631797577,69.1658971530527
716,869,870,863,864,142.540969509892,113.146429812658,159.52563437729,156.675358278253
717,873,874,867,868,168.713759247661,126.549616267787,146.103767989468,128.127385028978
718,877,878,871,872,92.450469736638,102.286038775669,137.407906634757,67.3408364226875
719,881,882,875,876,127.293086210437,87.1566388032655,121.446471909854,133.828540305474
720,885,886,879,880,172.579481184727,133.543395559764,110.496732289385,147.904392163802
721,889,890,883,884,136.762698880221,117.251886800268,169.851656716045,156.51947884367
722,893,894,887,888,76.8047369084761,174.56019041278,98.6642583655804,149.00419911284
723,897,898,891,892,143.471292277924,121.487515836688,113.800816916883,116.910667094622
724,901,902,895,896,117.485827565499,131.377441849061,144.787176296239,175.464324659127
725,905,906,899,900,119.606542103986,121.825315865143,110.284780172937,109.541276927087
726,909,910,903,904,129.510597279243,168.660596566916,163.672804859708,124.187195363924
727,913,914,907,908,117.757416646524,76.4737292984066,115.204201842516,119.051570870783
728,917,918,911,912,123.765025555837,83.1512618310232,92.4647487162247,140.020883320405
729,921,922,915,916,62.1794558966551,98.5822127522368,168.532948534272,127.097318961544
730,925,926,919,920,98.6560973448343,153.000763538371,80.3247969707852,131.213415746588
731,929,930,923,924,152.922129998424,95.5362184430049,102.091245725155,76.2124130437698
732,933,934,927,928,115.317103091097,164.113145357908,157.440237027961,147.245247136074
733,937,938,931,932,90.8263553668355,122.262389701081,122.406145615502,94.7403418286311
734,941,942,935,936,45.1106616262678,116.180738154119,67.2208806719069,106.336323862351
735,945,946,939,940,141.382760769744,107.803907148014,85.5055940643233,162.463911476419
736,949,950,943,944,73.2784824133135,204.928870004846,168.183679773947,169.17096243564
737,953,954,947,948,125.962827216292,139.109989315008,136.076522133243,150.456329697461
738,957,958,951,952,88.0254436302881,179.657103027524,120.063577729896,126.833909086709
739,961,962,955,956,155.060956245231,125.52585247083,113.866237040436,141.696147209494
740,965,966,959,960,99.8937328907076,111.561998971994,141.524960784166,46.64258449844
741,969,970,963,964,111.580214771928,134.566873291994,148.141243249967,83.5355216226526
742,973,974,967,968,127.109660872435,101.420237281526,104.321721755726,165.844016703735
743,977,978,971,972,56.6289138283079,102.738400811797,118.49170351028,114.675251399324
744,981,982,975,976,113.151015107766,81.2009480954953,88.5855581145563,69.0019313625683
745,985,986,979,980,127.101266103312,119.900151281746,129.468010054659,113.460700272591
746,989,990,983,984,111.938688091753,113.271597465511,137.257893387266,83.2772548413263
747,993,994,987,988,128.054961631827,123.701038208041,145.552495381164,160.746766489443
748,1,2,991,992,126.001109175691,225.280315088352,160.199368600745,144.30743017431
749,5,6,995,996,156.159409442775,71.9929794517303,79.4024753896118,61.6450728639503
750,9,10,999,1000,225.980266907596,146.791012394919,157.564683370877,133.373133612318
751,13,14,3,4,142.097890696048,126.520770735108,93.6354110958885,114.398082600702
752,17,18,7,8,141.330623831446,170.134536896852,137.399627769569,149.123008687177
753,21,22,11,12,148.751539566481,109.330267600142,104.054413807866,138.441798588525
754,25,26,15,16,120.909584644305,119.379345579031,66.9448233356873,117.501753156967
755,29,30,19,20,155.410872232229,149.544305632913,118.162210242021,160.327519632348
756,33,34,23,24,97.0049246014998,98.280847225321,136.454815588569,138.265535871643
757,37,38,27,28,84.3584503400103,165.667803889076,120.015329829949,201.915281406956
758,41,42,31,32,98.0816598604894,140.487026958861,98.6277148177912,102.410020409736
759,45,46,35,36,125.24843513033,90.8272627930086,146.982097204339,164.508147490908
760,49,50,39,40,82.3199069243396,147.196461248259,88.2130800425285,101.919662117263
761,53,54,43,44,128.316039804579,109.810405947345,134.81352062703,133.560982137441
762,57,58,47,48,179.788044096015,142.777806206344,170.064513720602,114.220720624431
763,61,62,51,52,146.997321178503,91.4344430887015,102.706386468491,105.253726578581
764,65,66,55,56,112.645541622101,138.458895064334,103.87954621321,81.314356507529
765,69,70,59,60,125.657619479798,129.112146540028,89.1594307119174,114.758589430105
766,73,74,63,64,120.207698913928,120.757079028607,108.43884403054,102.166039593518
767,77,78,67,68,110.235910867384,84.7726035554684,81.6781694823998,120.631913195372
768,81,82,71,72,79.5719084364022,109.493831339557,132.519933106981,97.7331326260317
769,85,86,75,76,90.5978466255376,79.3927823984791,86.9892417587128,64.2017998616742
770,89,90,79,80,169.34680722247,90.9712126148638,135.359400382338,137.203536831562
771,93,94,83,84,125.774040924493,80.7376772902481,120.949704203212,122.665669875051
772,97,98,87,88,101.067389213548,114.468591250651,173.295623901588,88.9410146535386
773,101,102,91,92,150.923990345776,70.9070652956693,128.100085544527,127.958180284415
774,105,106,95,96,158.195335758957,69.7894201884588,104.441599674394,121.513584875297
775,109,110,99,100,210.123075734719,87.6371408274624,117.842426224033,148.009549839675
776,113,114,103,104,123.668734151258,114.368915996531,153.516288877564,79.1258370627303
777,117,118,107,108,173.988821247713,39.6499919591569,79.8887509925408,82.4763196923121
778,121,122,111,112,81.277873529651,120.509403144259,140.684766805465,116.894464631573
779,125,126,115,116,92.1230505117749,87.8366891406138,109.534971883722,103.481121826489
780,129,130,119,120,141.934116101872,129.593809687098,107.026457126498,114.321753513374
781,133,134,123,124,109.847505209266,154.364539715893,131.641040142833,153.164909861441
782,137,138,127,128,78.3054579139,96.6919343267431,116.934288530161,89.2013652403813
783,141,142,131,132,153.482677207222,211.832027665401,138.413206062085,158.35873992174
784,145,146,135,136,103.022230610885,125.71350918601,127.858620526518,130.791693954125
785,149,150,139,140,166.520833042903,68.3884428379405,67.4354027737052,133.331360981321
786,153,154,143,144,95.3229055632751,127.944189566184,121.366099312062,44.2316525397278
787,157,158,147,148,111.713987141912,108.570158299856,108.780550186553,109.164941338258
788,161,162,151,152,126.672914216423,159.961758772363,161.101889359163,139.867947345014
789,165,166,155,156,92.8645729307549,158.913510553447,157.735302362742,162.584488499415
790,169,170,159,160,77.5953814244878,111.700998692921,72.124648774424,94.0971214819788
791,173,174,163,164,150.186198711175,126.176351838495,119.806897301523,151.047760700736
792,177,178,167,168,76.9969435758185,100.766180386617,162.605393275188,110.597821325875
793,181,182,171,172,143.754336919061,148.109309017175,142.967216600521,99.1838259107182
794,185,186,175,176,116.104623885457,96.5044150787732,55.8772451149002,121.555795546923
795,189,190,179,180,89.4243736870142,150.681027157287,123.340659241667,132.988555305242
796,193,194,183,184,162.721572451203,99.9014302449569,97.3512095958639,146.896158356526
797,197,198,187,188,128.973024598218,122.01978242326,93.7267033145091,78.6582993806588
798,201,202,191,192,160.674338038534,147.233178002738,99.6294834016986,185.762418065299
799,205,206,195,196,117.577802830871,56.2678627028723,63.7550026248083,116.46230964889
800,209,210,199,200,114.981278409365,127.739719218413,156.304698732069,112.354522531203
801,213,214,203,204,89.3533881501848,93.031510552846,69.6810042284481,118.907560391044
802,217,218,207,208,106.988624864006,98.5415884446284,114.116409382844,96.2937996362924
803,221,222,211,212,114.040933934113,157.369579606277,126.538238585775,115.407081707612
804,225,226,215,216,106.41158097237,74.3819346596458,78.6024126405953,149.745628086304
805,229,230,219,220,158.361815502037,127.736343268945,120.875171092345,95.2777045550124
806,233,234,223,224,136.250989340753,129.747404489482,102.861637760262,100.499854261869
807,237,238,227,228,135.80016830824,140.491616305786,122.19880080272,65.9774040484697
808,241,242,231,232,129.550073210305,126.594548861348,148.701060957545,117.794954363467
809,245,246,235,236,121.165412147101,130.04870115216,115.689158176839,165.045042975373
810,249,250,239,240,108.311523740967,121.525766908704,101.374761513838,133.037738749056
811,253,254,243,244,134.298723189692,105.84746598697,106.464791569687,117.205429093529
812,257,258,247,248,90.3892978278289,137.322105854523,119.249889450107,115.54289319961
813,261,262,251,252,126.196279614329,110.697577655409,141.528131262712,144.949916548198
814,265,266,255,256,110.818351276539,109.633346464168,151.764810146731,158.599235486825
815,269,270,259,260,98.7219781977181,133.217653428319,119.716694050445,94.7657487148608
816,273,274,263,264,92.4202597979778,136.04391378144,121.286024520648,128.188770188788
817,277,278,267,268,91.1972146857829,90.1312868762958,99.4676691871082,119.875423785188
818,281,282,271,272,126.091792238512,102.264803651108,104.274405771121,96.2730394311494
819,285,286,275,276,131.53289700519,88.0278531068932,97.4353313166744,104.924913424008
820,289,290,279,280,94.1160243715865,140.6417898853,116.27576224322,102.484637676469
821,293,294,283,284,102.625830085867,86.9661462764223,147.49730963796,134.493628698565
822,297,298,287,288,145.807154789907,105.702466402363,82.5283761772807,112.94873712531
823,301,302,291,292,105.100289207193,141.400118300234,96.2472749180822,130.361868080836
824,305,306,295,296,107.35572879355,102.291487160608,105.086591989146,132.973746613721
825,309,310,299,300,51.4090525416732,40.8745819423457,84.8129289239198,121.048940000249
826,313,314,303,304,168.191622345736,125.516671287608,83.5086795379893,96.808367143964
827,317,318,307,308,56.0445729745997,128.571976143641,118.150422354803,129.923385475631
828,321,322,311,312,111.222894230012,177.652599113072,135.901770139139,88.1158957257276
829,325,326,315,316,116.766988452851,92.9757002425876,68.2283389804212,58.4335684296478
830,329,330,319,320,124.727654678561,94.5115659900602,125.458751435745,156.967460311668
831,333,334,323,324,181.467335520977,178.365374588438,161.907599601435,143.073187889067
832,337,338,327,328,130.564014505818,110.844936436184,171.370395973701,164.243802012891
833,341,342,331,332,86.6443978113975,104.030803738276,67.1484536461426,75.9817757336427
834,345,346,335,336,142.196976262745,125.15072210631,115.397590067227,129.343222077171
835,349,350,339,340,97.7685208128844,75.1408612362267,141.106861742198,132.969245722209
836,353,354,343,344,45.7030076346094,103.308934535788,162.1620227963,80.4228344925251
837,357,358,347,348,108.111764435749,117.279993349244,127.020641836874,101.227404712773
838,361,362,351,352,130.627022241463,66.7007007317689,153.673691699024,115.704900499693
839,365,366,355,356,79.6005941540801,56.9170764369635,54.322924768315,48.3012762488154
840,369,370,359,360,97.736698169685,105.956951120956,146.68350627617,115.201267452455
841,373,374,363,364,85.5014364685805,83.0446083611803,119.829555673197,69.1881861042529
842,377,378,367,368,109.318512051358,134.167129211401,138.917930095855,126.780803136416
843,381,382,371,372,107.787126684653,113.227220447463,56.5504321606101,57.0396732652703
844,385,386,375,376,146.353261653924,163.914458678837,137.195082753179,126.34809165547
845,389,390,379,380,119.108532442007,130.754734184745,135.175582554715,210.690065902946
846,393,394,383,384,120.095731419406,137.245862336901,133.551144201155,121.296140980215
847,397,398,387,388,103.482492492667,82.0380178448088,120.185773569484,78.6599330247331
848,401,402,391,392,134.150359543607,88.9080443773426,111.773023969887,156.184702964505
849,405,406,395,396,123.760137149903,115.854709003316,139.918619439138,210.096683537855
850,409,410,399,400,138.640076229869,98.8923983863393,69.6091040031128,70.5741503178684
851,413,414,403,404,78.3478172200131,157.79643709461,121.951813852599,99.725208423479
852,417,418,407,408,97.3773507985668,117.250277656323,121.371817839572,105.1230389494
853,421,422,411,412,89.4638462658836,108.675216488736,57.0885145740193,93.9975990396435
854,425,426,415,416,72.7875113132384,125.663470863818,51.8247072400674,132.775043658752
855,429,430,419,420,111.030150045231,144.863697753238,75.6821166248518,81.0214760763022
856,433,434,423,424,163.383420107484,136.628917895156,210.04139823629,233.407075490685
857,437,438,427,428,97.1591083948527,139.352819626626,103.264050191442,111.664436459657
858,441,442,431,432,110.534295656739,115.134625032573,124.58760833017,157.87260270339
859,445,446,435,436,112.957959641883,120.493288586166,177.402977746169,141.68013937411
860,449,450,439,440,125.312756016776,113.151942741863,129.43281512885,114.988019058913
861,453,454,443,444,137.02961884498,82.3403678300908,88.6598676943554,95.0389692188252
862,457,458,447,448,106.389697597129,146.286891896614,152.386556694307,161.392631074202
863,461,462,451,452,142.430859130223,115.294209229618,128.05445558996,112.362162307477
864,465,466,455,456,49.8517484223838,93.4242517169849,79.0324090885561,69.6128079757698
865,469,470,459,460,171.953399844158,165.747953203665,105.398059946307,154.918141760846
866,473,474,463,464,71.7784860631422,111.951627516632,108.719615969883,117.709184332071
867,477,478,467,468,81.5261304107946,122.367869545909,82.2548746906989,107.057587299049
868,481,482,471,472,164.896227581597,102.832450230661,147.721071619717,113.174972444178
869,485,486,475,476,136.325379921476,165.917980994342,144.853049517602,174.095208287663
870,489,490,479,480,126.515433517567,90.9886117101081,129.419172208918,171.162890234734
871,493,494,483,484,127.486968071782,126.665705358486,142.953804091846,51.7094045683155
872,497,498,487,488,145.216912683991,133.505169578893,90.6345464177988,106.259487146799
873,501,502,491,492,110.104356350369,104.646483441823,149.956338809761,112.988841102324
874,505,506,495,496,121.875107208984,161.668355351239,142.234842781521,112.705596024342
875,509,510,499,500,128.073369484649,98.3801308969551,128.985871405926,112.790124578221
876,513,514,503,504,133.136350860787,47.3331524926288,114.964379452405,134.054815905385
877,517,518,507,508,135.146838598325,162.92946799344,150.200936062482,175.252986415867
878,521,522,511,512,91.6799171898033,107.139840092424,125.497594879435,129.603193333692
879,525,526,515,516,121.935163291176,147.030678597857,138.376964785657,105.473627374787
880,529,530,519,520,153.834357634603,140.723802263398,167.303830114165,141.37445405484
881,533,534,523,524,91.5227289754964,91.2720215251735,154.425974959438,174.128631144705
882,537,538,527,528,79.6083943843704,166.511581082352,82.5068537864639,171.554310251147
883,541,542,531,532,137.002045673649,135.660722359947,90.1632786412971,67.9237818025392
884,545,546,535,536,141.72749367084,167.254166964102,112.311992641252,97.298440193287
885,549,550,539,540,99.0014240662416,66.3154192509793,159.271355838556,84.3641248511752
886,553,554,543,544,110.236176946135,121.265380179955,109.444727785966,108.325995994826
887,557,558,547,548,149.062715419356,103.509911430799,89.4868479622108,129.223683223174
888,561,562,551,552,171.242991929524,128.880107446433,137.934997336478,154.429690545704
889,565,566,555,556,130.640785451968,92.1102081694683,107.340858415169,91.2423910548605
890,569,570,559,560,119.550273415958,98.3064918331422,113.544847621985,141.651872780773
891,573,574,563,564,83.7691726584803,127.226619251981,139.206256005357,112.321327547092
892,577,578,567,568,123.753566349217,126.51035594786,143.382735771818,154.73828782584
893,581,582,571,572,137.074143654062,131.739347989595,107.412895087494,108.038637055497
894,585,586,575,576,151.97287047122,117.956023736694,169.559357699939,154.754499244597
895,589,590,579,580,114.491421006659,125.543438807916,116.358474623489,119.652217096657
896,593,594,583,584,120.7352817194,109.032299673935,185.985244803981,115.922212472847
897,597,598,587,588,153.030379254202,100.201191471254,110.108605652637,126.235983255927
898,601,602,591,592,164.042224773544,134.638966914477,89.2029647941419,111.789450715492
899,605,606,595,596,169.288583063713,74.9122604945198,140.489283750598,119.094617958234
900,609,610,599,600,143.968294684741,74.8355679740519,55.8242841133911,148.387073803981
901,613,614,603,604,139.133180877029,62.529352389733,105.932146700566,87.9340222981857
902,617,618,607,608,108.838867943955,160.146046703811,146.641483032247,125.829747959421
903,621,622,611,612,129.678205090717,135.006571008189,142.240508651521,120.583961743718
904,625,626,615,616,142.041168177098,90.9549929087528,111.052938079017,122.888810136052
905,629,630,619,620,83.3323520341435,106.351967369962,110.716630920222,134.492982892756
906,633,634,623,624,116.159848772723,140.467680479067,97.4374722176794,169.436136279656
907,637,638,627,628,177.987853757131,124.14548825327,203.104725390115,158.249129109576
908,641,642,631,632,117.401148625406,96.8773049553225,131.807451778897,83.5138211605319
909,645,646,635,636,75.8913972755388,128.444866032696,74.1612534554907,102.982583222782
910,649,650,639,640,65.1097722598,98.6452655910961,103.659726827684,130.454666615509
911,653,654,643,644,101.961824536005,157.153562290438,157.726772239139,107.149473049634
912,657,658,647,648,70.7110289529649,140.404730571226,119.596222385468,87.9862800875261
913,661,662,651,652,95.2690895488301,138.63564627893,77.5845786183302,119.095273314782
914,665,666,655,656,130.279834011483,75.1271658479215,116.695145474706,123.137933240417
915,669,670,659,660,111.329228980747,105.330255866816,73.6554475402768,115.793370389106
916,673,674,663,664,110.79868711963,81.9787269614849,94.5711011339976,60.9788868469566
917,677,678,667,668,134.317090162082,121.822875338561,92.7886883321974,106.475566345894
918,681,682,671,672,173.886352522885,125.40257986865,72.187788882515,108.512758448336
919,685,686,675,676,96.5191198167962,169.127947867247,154.800191376049,121.949701472197
920,689,690,679,680,136.701470290342,131.407519395676,101.978983572536,111.49346978471
921,693,694,683,684,118.143590269561,157.887210394901,138.185946421478,127.707682468612
922,697,698,687,688,110.99764650352,100.505358765194,170.335874957283,177.054266387516
923,701,702,691,692,78.5220071256838,114.102104759004,107.231768832695,120.811900257549
924,705,706,695,696,122.605086786342,119.091197477768,135.936518093942,59.2151011703565
925,709,710,699,700,111.455238285705,100.336476651101,147.709825101261,86.2503444747977
926,713,714,703,704,85.8678531990876,112.864588496785,130.100195409571,149.017439089758
927,717,718,707,708,133.748505144277,124.373868598001,134.357982163925,127.211942488225
928,721,722,711,712,170.874623289915,140.059174356471,121.150650540862,120.146950805455
929,725,726,715,716,141.669520690673,149.820355361395,150.457291027944,166.654080694429
930,729,730,719,720,152.104109286422,117.475912579957,168.804896838198,170.783791544279
931,733,734,723,724,115.930395493376,122.775019492288,144.823602548782,144.155412105317
932,737,738,727,728,102.525021657978,105.99206867411,52.5239509088437,108.856157441653
933,741,742,731,732,159.767252273201,163.286497368593,145.678047175188,133.289537899648
934,745,746,735,736,104.588524401386,165.198043523105,111.17435188848,178.750764435244
935,749,750,739,740,121.840029453888,162.07649287421,127.473383916661,143.03040185137
936,753,754,743,744,102.980782850481,142.811041081268,159.061346514415,145.231601122473
937,757,758,747,748,126.749714093093,111.746005182126,93.1379231547309,112.76223053461
938,761,762,751,752,93.7058812620653,88.9526127984589,85.064332730606,129.586217498046
939,765,766,755,756,162.158415086792,130.092726652094,142.317610863955,147.233370197181
940,769,770,759,760,133.932346493089,101.388845518097,165.354639787215,120.66516872377
941,773,774,763,764,103.58534791018,160.292476070436,93.442367973502,152.404952606777
942,777,778,767,768,149.96394785853,57.5718119506549,135.348185708407,82.6341077115806
943,781,782,771,772,114.039844146507,170.070195449542,156.339342036849,148.406148468492
944,785,786,775,776,82.7935798856059,153.526061883619,126.004917925717,157.428986463619
945,789,790,779,780,106.866572824317,112.182375641776,87.2437431586152,120.967121891106
946,793,794,783,784,145.844355244917,118.143088911637,146.356345365469,173.66120119315
947,797,798,787,788,98.7551100435334,78.4410091140291,56.9313445704345,102.224843093633
948,801,802,791,792,111.850344827991,131.095814869909,71.0417643975232,159.591742244547
949,805,806,795,796,91.6768330510307,172.503060679692,81.809967537243,101.340414376145
950,809,810,799,800,102.984506951979,179.823044817361,180.024588627558,123.645740609943
951,813,814,803,804,143.205008996128,91.6746993827125,104.846273873823,55.3590488453122
952,817,818,807,808,176.752292570388,126.5672021702,118.173589174692,133.20908709402
953,821,822,811,812,109.963225588515,150.957839980854,169.706743431988,136.178106953946
954,825,826,815,816,82.8936794848966,109.918573936448,151.158399551823,62.1934708796463
955,829,830,819,820,104.175994873753,52.583538922555,50.5342233785478,73.3891811517745
956,833,834,823,824,122.155690314198,112.151206574226,98.7953422494492,168.518839986001
957,837,838,827,828,146.052991406314,145.364104856815,128.075530345953,92.6520749743823
958,841,842,831,832,140.038039192337,138.765240043281,171.173815495039,116.636003336789
959,845,846,835,836,107.219013488153,108.62113521088,146.939908574188,118.801642810945
960,849,850,839,840,82.6518138579791,132.026564325101,111.099961055345,84.2179711060529
961,853,854,843,844,149.238415820976,118.747425111431,128.075849936215,125.614656008571
962,857,858,847,848,104.832543799853,95.0833971508981,93.1444995588683,135.920757048377
963,861,862,851,852,164.540213611926,151.496657046963,104.917796539896,165.362269931471
964,865,866,855,856,115.756307147143,85.4104490469221,42.0300008136699,140.292279636384
965,869,870,859,860,146.548371872328,80.5478833068546,140.896904136882,109.261044758717
966,873,874,863,864,165.203696764901,110.643042489451,176.557684554766,161.60924362043
967,877,878,867,868,131.519774525075,63.2415038270721,129.660182818289,126.233430190641
968,881,882,871,872,92.0737635259629,158.675031221036,113.457177208871,66.9462508989157
969,885,886,875,876,147.03974963254,129.280688316928,161.95412280386,146.959671627027
970,889,890,879,880,123.701938036991,124.528129730222,110.108397966861,102.066259008447
971,893,894,883,884,77.6923104441618,141.339417756103,150.227442212662,108.360971056229
972,897,898,887,888,125.700615518533,165.841113599379,162.363476814812,145.858245929774
973,901,902,891,892,112.366683358792,134.411376178269,146.390921242851,138.383777257715
974,905,906,895,896,91.8974295365477,75.4976227940588,75.558990729522,44.4948691409446
975,909,910,899,900,91.3632154945001,91.1482106571142,133.6080685097,138.770471204383
976,913,914,903,904,81.2663596709503,210.573254462441,91.3347765838236,90.94540743815
977,917,918,907,908,85.9049455050144,126.187330069205,97.9563726975828,105.575407051235
978,921,922,911,912,122.294496515694,153.647752847679,122.634182260041,139.505200303502
979,925,926,915,916,75.0427549928196,90.1546296844419,96.4019579449738,122.880690415969
980,929,930,919,920,121.784169746137,80.4241142384594,112.516146363402,137.159495971469
981,933,934,923,924,124.791557933895,119.520493268377,124.938621462397,121.540855472082
982,937,938,927,928,71.3631130300558,103.633171779697,133.823927050377,54.1513408909109
983,941,942,931,932,135.047798874174,98.5110319203197,141.566482489585,150.296472841782
984,945,946,935,936,91.174414047024,157.151524815122,100.37641606536,137.749664996939
985,949,950,939,940,58.3494332819337,89.3787217009726,111.596187590918,98.1922267602262
986,953,954,943,944,117.665544204231,136.91485240039,181.5543825118,119.403444678457
987,957,958,947,948,96.0338722321056,154.906954194772,78.4909730225933,86.7734662114811
988,961,962,951,952,112.43763971263,133.476812824987,127.367602025725,92.548962528428
989,965,966,955,956,135.473477505937,118.963536405224,134.449845103456,153.103421838273
990,969,970,959,960,114.808507793182,101.887332819712,118.681547159597,148.019287147999
991,973,974,963,964,87.3866434113071,140.254611690561,110.571258002889,113.457569093806
992,977,978,967,968,150.841349118902,121.602964312363,73.7177976554919,127.42067308265
993,981,982,971,972,118.482565259112,165.921826988341,114.85462445321,181.129219397449
994,985,986,975,976,118.222983016911,161.962537592857,143.804203129102,140.724967606446
995,989,990,979,980,73.5641071929759,107.188709111728,101.453433385395,116.33900070117
996,993,994,983,984,179.159725855537,138.630876175904,127.558403378236,133.540070837492
997,1,2,987,988,76.1393397522244,97.7746436884329,52.7813912279256,64.0748092108635
998,5,6,991,992,115.592284419439,130.374374779738,89.9761519078717,130.818337565828
999,9,10,995,996,142.972127495652,112.968369135395,121.640890421668,164.73257096129
1000,13,14,999,1000,97.5774803533536,81.6857515263008,119.906431691404,117.040298495436
